test_id,student_id,mark
1,1,78
2,1,87
3,1,95
4,1,32
5,1,65
6,1,78
7,1,40
1,2,78
2,2,87
3,2,15
6,2,78
7,2,40
1,3,78
2,3,87
3,3,95
4,3,32
5,3,65
6,3,78
7,3,40
1,2,55.97222222
2,2,53.98888889
4,1,52.00555556
5,1,50.02222222
6,2,48.03888889
4,2,46.05555556
3,3,44.07222222
